timestamp_utc,online,players,maxplayers,ping_ms,hostname,gamemode,weather,worldtime,note
2026-09-16 22:09:24,True,16,599,158.1,Los Santos Miestelis,LSM 2.0.0 LT,0,7:00,
2026-09-17 00:28:42,True,7,599,88.6,Los Santos Miestelis,LSM 2.0.0 LT,11,7:00,DROP 16->7 - likely restart (RR)
2026-09-17 05:08:29,True,8,599,148.0,Los Santos Miestelis,LSM 2.0.0 LT,2,7:00,
2026-09-17 09:57:57,True,18,599,111.4,Los Santos Miestelis,LSM 2.0.0 LT,6,7:00,
2026-09-17 14:44:00,True,34,599,154.1,Los Santos Miestelis,LSM 2.0.0 LT,12,7:00,
2026-09-17 18:34:39,True,53,599,123.1,Los Santos Miestelis,LSM 2.0.0 LT,14,7:00,
2026-09-17 21:44:41,True,18,599,107.5,Los Santos Miestelis,LSM 2.0.0 LT,14,7:00,DROP 53->18 - likely restart (RR)
2026-09-17 23:42:36,True,8,599,153.9,Los Santos Miestelis,LSM 2.0.0 LT,7,7:00,DROP 18->8 - likely restart (RR)
2026-09-18 01:31:34,True,9,599,137.7,Los Santos Miestelis,LSM 2.0.0 LT,1,7:00,
2026-09-18 06:38:59,True,11,599,157.4,Los Santos Miestelis,LSM 2.0.0 LT,9,7:00,
2026-09-18 11:48:33,True,8,599,89.6,Los Santos Miestelis,LSM 2.0.0 LT,10,7:00,
2026-09-18 15:34:57,True,45,599,109.8,Los Santos Miestelis,LSM 2.0.0 LT,2,7:00,
2026-09-18 18:38:01,True,48,599,145.1,Los Santos Miestelis,LSM 2.0.0 LT,0,7:00,
2026-09-18 21:15:03,True,19,599,93.0,Los Santos Miestelis,LSM 2.0.0 LT,12,7:00,DROP 48->19 - likely restart (RR)
2026-09-18 23:19:54,True,14,599,147.6,Los Santos Miestelis,LSM 2.0.0 LT,5,7:00,
2026-09-19 01:20:57,True,6,599,154.3,Los Santos Miestelis,LSM 2.0.0 LT,0,7:00,DROP 14->6 - likely restart (RR)
2026-09-19 06:10:21,True,8,599,148.8,Los Santos Miestelis,LSM 2.0.0 LT,7,7:00,
2026-09-19 10:55:17,True,33,599,129.6,Los Santos Miestelis,LSM 2.0.0 LT,13,7:00,
2026-09-19 14:05:45,True,65,599,95.2,Los Santos Miestelis,LSM 2.0.0 LT,11,7:00,
2026-09-19 17:16:02,True,61,599,95.5,Los Santos Miestelis,LSM 2.0.0 LT,10,7:00,
2026-09-19 19:26:13,True,41,599,91.2,Los Santos Miestelis,LSM 2.0.0 LT,4,7:00,
2026-09-19 21:35:14,True,29,599,150.6,Los Santos Miestelis,LSM 2.0.0 LT,0,7:00,
2026-09-19 23:32:31,True,16,599,110.5,Los Santos Miestelis,LSM 2.0.0 LT,10,7:00,
2026-09-20 01:38:20,True,9,599,153.1,Los Santos Miestelis,LSM 2.0.0 LT,3,7:00,
2026-09-20 07:00:17,True,10,599,122.0,Los Santos Miestelis,LSM 2.0.0 LT,9,7:00,
2026-09-20 12:19:32,True,47,599,154.3,Los Santos Miestelis,LSM 2.0.0 LT,3,7:00,
2026-09-20 16:20:40,True,84,599,133.5,Los Santos Miestelis,LSM 2.0.0 LT,6,7:00,
2026-09-20 18:56:23,True,49,599,133.4,Los Santos Miestelis,LSM 2.0.0 LT,2,7:00,
2026-09-20 21:09:07,True,24,599,145.4,Los Santos Miestelis,LSM 2.0.0 LT,13,7:00,DROP 49->24 - likely restart (RR)
2026-09-20 23:14:05,True,10,599,160.5,Los Santos Miestelis,LSM 2.0.0 LT,7,7:00,DROP 24->10 - likely restart (RR)
2026-09-21 01:07:50,True,6,599,148.2,Los Santos Miestelis,LSM 2.0.0 LT,1,7:00,
2026-09-21 06:17:57,True,5,599,126.0,Los Santos Miestelis,LSM 2.0.0 LT,11,7:00,
2026-09-21 13:05:55,True,23,599,150.2,Los Santos Miestelis,LSM 2.0.0 LT,12,7:00,
2026-09-21 18:40:02,True,61,599,92.9,Los Santos Miestelis,LSM 2.0.0 LT,12,7:00,
2026-09-21 22:13:25,True,10,599,172.5,Los Santos Miestelis,LSM 2.0.0 LT,14,7:00,DROP 61->10 - likely restart (RR)
2026-09-22 00:50:43,True,10,599,167.6,Los Santos Miestelis,LSM 2.0.0 LT,12,7:00,
2026-09-22 05:42:19,True,4,599,106.2,Los Santos Miestelis,LSM 2.0.0 LT,3,7:00,DROP 10->4 - likely restart (RR)
2026-09-22 10:20:43,True,16,599,162.8,Los Santos Miestelis,LSM 2.0.0 LT,11,7:00,
2026-09-22 15:05:14,False,,,,,,,,WENT OFFLINE (no query response) - server likely restarting
2026-09-22 18:51:59,True,44,599,108.6,Los Santos Miestelis,LSM 2.0.0 LT,4,7:00,RECOVERED (was offline last check) - likely restart just finished
2026-09-22 21:44:46,True,20,599,169.0,Los Santos Miestelis,LSM 2.0.0 LT,2,7:00,DROP 44->20 - likely restart (RR)
2026-09-22 23:51:37,True,9,599,106.4,Los Santos Miestelis,LSM 2.0.0 LT,13,7:00,DROP 20->9 - likely restart (RR)
2026-09-23 02:44:43,True,0,599,129.4,Los Santos Miestelis,LSM 2.0.0 LT,3,7:00,DROP 9->0 - likely restart (RR)
2026-09-23 07:58:38,True,10,599,182.6,Los Santos Miestelis,LSM 2.0.0 LT,3,7:00,
2026-09-23 13:26:28,True,21,599,112.1,Los Santos Miestelis,LSM 2.0.0 LT,14,7:00,
2026-09-23 17:54:25,True,49,599,174.6,Los Santos Miestelis,LSM 2.0.0 LT,3,7:00,
2026-09-23 20:55:47,True,17,599,147.8,Los Santos Miestelis,LSM 2.0.0 LT,3,7:00,DROP 49->17 - likely restart (RR)
2026-09-23 23:24:01,True,3,599,134.0,Los Santos Miestelis,LSM 2.0.0 LT,14,7:00,DROP 17->3 - likely restart (RR)
2026-09-24 01:33:42,True,0,599,136.5,Los Santos Miestelis,LSM 2.0.0 LT,10,7:00,
2026-09-24 06:44:54,True,3,599,105.9,Los Santos Miestelis,LSM 2.0.0 LT,3,7:00,
2026-09-24 12:16:36,True,18,599,132.2,Los Santos Miestelis,LSM 2.0.0 LT,14,7:00,
2026-09-24 17:25:03,True,42,599,149.9,Los Santos Miestelis,LSM 2.0.0 LT,6,7:00,
2026-09-24 20:37:08,True,14,599,157.4,Los Santos Miestelis,LSM 2.0.1 LT,2,7:00,DROP 42->14 - likely restart (RR)
2026-09-24 23:26:43,True,7,599,177.4,Los Santos Miestelis,LSM 2.0.1 LT,0,7:00,DROP 14->7 - likely restart (RR)
2026-09-25 01:42:33,True,1,599,126.3,Los Santos Miestelis,LSM 2.0.1 LT,11,7:00,DROP 7->1 - likely restart (RR)
2026-09-25 06:37:15,True,4,599,106.2,Los Santos Miestelis,LSM 2.0.1 LT,3,7:00,
2026-09-25 12:13:31,True,19,599,147.6,Los Santos Miestelis,LSM 2.0.1 LT,14,7:00,
2026-09-25 17:12:47,True,45,599,192.0,Los Santos Miestelis,LSM 2.0.1 LT,6,7:00,
2026-09-25 20:29:34,True,27,599,128.2,Los Santos Miestelis,LSM 2.0.1 LT,4,7:00,
2026-09-25 23:26:47,True,19,599,108.9,Los Santos Miestelis,LSM 2.0.1 LT,3,7:00,
2026-09-26 01:47:22,True,3,599,111.4,Los Santos Miestelis,LSM 2.0.1 LT,0,7:00,DROP 19->3 - likely restart (RR)
2026-09-26 06:56:10,True,7,599,121.9,Los Santos Miestelis,LSM 2.0.1 LT,7,7:00,
2026-09-26 12:01:43,True,32,599,179.8,Los Santos Miestelis,LSM 2.0.1 LT,14,7:00,
2026-09-26 16:20:35,True,51,599,114.0,Los Santos Miestelis,LSM 2.0.1 LT,4,7:00,
2026-09-26 19:17:24,True,32,599,127.7,Los Santos Miestelis,LSM 2.0.1 LT,3,7:00,
2026-09-26 22:02:38,True,25,599,178.9,Los Santos Miestelis,LSM 2.0.1 LT,1,7:00,
2026-09-27 00:33:44,True,14,599,182.7,Los Santos Miestelis,LSM 2.0.1 LT,13,7:00,
2026-09-27 05:45:07,True,4,599,131.7,Los Santos Miestelis,LSM 2.0.1 LT,5,7:00,DROP 14->4 - likely restart (RR)
2026-09-27 11:08:37,True,45,599,114.0,Los Santos Miestelis,LSM 2.0.1 LT,1,7:00,
2026-09-27 15:39:13,True,80,599,113.9,Los Santos Miestelis,LSM 2.0.1 LT,6,7:00,
2026-09-27 19:15:58,True,45,599,186.1,Los Santos Miestelis,LSM 2.0.1 LT,7,7:00,
2026-09-27 22:24:35,True,23,599,112.4,Los Santos Miestelis,LSM 2.0.1 LT,7,7:00,
2026-09-28 00:59:13,True,8,599,106.3,Los Santos Miestelis,LSM 2.0.1 LT,4,7:00,DROP 23->8 - likely restart (RR)
2026-09-28 06:29:50,True,3,599,141.7,Los Santos Miestelis,LSM 2.0.1 LT,13,7:00,DROP 8->3 - likely restart (RR)
2026-09-28 14:22:06,True,28,599,179.2,Los Santos Miestelis,LSM 2.0.1 LT,4,7:00,
2026-09-28 20:38:43,True,31,599,140.1,Los Santos Miestelis,LSM 2.0.1 LT,3,7:00,
2026-09-29 00:32:33,True,4,599,176.8,Los Santos Miestelis,LSM 2.0.1 LT,6,7:00,DROP 31->4 - likely restart (RR)
2026-09-29 06:11:44,True,3,599,131.4,Los Santos Miestelis,LSM 2.0.1 LT,2,7:00,
2026-09-29 12:51:11,True,29,599,178.8,Los Santos Miestelis,LSM 2.0.1 LT,3,7:00,
2026-09-29 18:24:18,True,40,599,112.5,Los Santos Miestelis,LSM 2.0.1 LT,14,7:00,
2026-09-29 22:28:22,True,12,599,137.0,Los Santos Miestelis,LSM 2.0.1 LT,2,7:00,DROP 40->12 - likely restart (RR)
2026-09-30 01:25:45,True,3,599,131.8,Los Santos Miestelis,LSM 2.0.1 LT,1,7:00,DROP 12->3 - likely restart (RR)
2026-09-30 07:01:45,True,2,599,172.3,Los Santos Miestelis,LSM 2.0.1 LT,12,7:00,
2026-09-30 13:39:34,True,27,599,137.7,Los Santos Miestelis,LSM 2.0.1 LT,10,7:00,
2026-09-30 18:33:50,True,49,599,135.2,Los Santos Miestelis,LSM 2.0.1 LT,6,7:00,
2026-09-30 22:37:12,True,9,599,136.9,Los Santos Miestelis,LSM 2.0.1 LT,10,7:00,DROP 49->9 - likely restart (RR)
2026-10-01 01:34:00,True,0,599,106.1,Los Santos Miestelis,LSM 2.0.1 LT,6,7:00,DROP 9->0 - likely restart (RR)
2026-10-01 07:47:40,True,12,599,152.9,Los Santos Miestelis,LSM 2.0.1 LT,3,7:00,
2026-10-01 14:58:53,True,40,599,149.0,Los Santos Miestelis,LSM 2.0.1 LT,6,7:00,
2026-10-01 20:12:05,True,24,599,107.1,Los Santos Miestelis,LSM 2.0.1 LT,1,7:00,
2026-10-01 23:52:42,True,3,599,111.2,Los Santos Miestelis,LSM 2.0.1 LT,3,7:00,DROP 24->3 - likely restart (RR)
2026-10-02 03:29:18,True,1,599,182.0,Los Santos Miestelis,LSM 2.0.1 LT,4,7:00,
2026-10-02 09:59:45,True,13,599,177.3,Los Santos Miestelis,LSM 2.0.1 LT,2,7:00,
2026-10-02 16:10:31,True,40,599,150.6,Los Santos Miestelis,LSM 2.0.1 LT,1,7:00,
2026-10-02 20:42:38,True,22,599,117.0,Los Santos Miestelis,LSM 2.0.1 LT,6,7:00,
2026-10-02 23:59:40,True,6,599,182.2,Los Santos Miestelis,LSM 2.0.1 LT,4,7:00,DROP 22->6 - likely restart (RR)
2026-10-03 04:45:31,True,5,599,152.1,Los Santos Miestelis,LSM 2.0.1 LT,12,7:00,
2026-10-03 10:09:27,True,16,599,132.0,Los Santos Miestelis,LSM 2.0.1 LT,6,7:00,
2026-10-03 14:42:44,True,55,599,175.5,Los Santos Miestelis,LSM 2.0.1 LT,13,7:00,
2026-10-03 18:17:27,True,28,599,113.9,Los Santos Miestelis,LSM 2.0.1 LT,14,7:00,
2026-10-03 21:36:01,True,16,599,182.9,Los Santos Miestelis,LSM 2.0.1 LT,0,7:00,
2026-10-04 00:02:05,True,0,599,116.4,Los Santos Miestelis,LSM 2.0.1 LT,11,7:00,DROP 16->0 - likely restart (RR)
2026-10-04 05:47:55,True,3,599,152.0,Los Santos Miestelis,LSM 2.0.1 LT,6,7:00,
2026-10-04 11:36:59,True,37,599,149.3,Los Santos Miestelis,LSM 2.0.1 LT,2,7:00,
2026-10-04 15:58:56,True,74,599,179.5,Los Santos Miestelis,LSM 2.0.1 LT,6,7:00,
2026-10-04 19:18:41,True,54,599,185.0,Los Santos Miestelis,LSM 2.0.1 LT,6,7:00,
2026-10-04 22:24:08,True,12,599,188.1,Los Santos Miestelis,LSM 2.0.1 LT,6,7:00,DROP 54->12 - likely restart (RR)
2026-10-05 01:05:00,True,7,599,106.4,Los Santos Miestelis,LSM 2.0.1 LT,3,7:00,
2026-10-05 07:00:09,True,8,599,136.0,Los Santos Miestelis,LSM 2.0.1 LT,1,7:00,
2026-10-05 15:58:24,True,59,599,178.3,Los Santos Miestelis,LSM 2.0.1 LT,13,7:00,
2026-10-05 22:21:07,True,8,599,172.3,Los Santos Miestelis,LSM 2.0.1 LT,13,7:00,DROP 59->8 - likely restart (RR)
2026-10-06 02:22:15,True,0,599,106.2,Los Santos Miestelis,LSM 2.0.1 LT,14,7:00,DROP 8->0 - likely restart (RR)
2026-10-06 09:10:19,True,9,599,159.7,Los Santos Miestelis,LSM 2.0.1 LT,0,7:00,
2026-10-06 15:55:20,True,45,599,217.4,Los Santos Miestelis,LSM 2.0.1 LT,1,7:00,
2026-10-06 20:43:09,True,23,599,183.4,Los Santos Miestelis,LSM 2.0.1 LT,7,7:00,
2026-10-07 00:09:28,True,9,599,116.6,Los Santos Miestelis,LSM 2.0.1 LT,10,7:00,DROP 23->9 - likely restart (RR)
2026-10-07 05:54:27,True,6,599,106.2,Los Santos Miestelis,LSM 2.0.1 LT,5,7:00,
2026-10-07 12:25:41,True,15,599,182.3,Los Santos Miestelis,LSM 2.0.1 LT,5,7:00,
2026-10-07 19:01:12,True,44,599,145.6,Los Santos Miestelis,LSM 2.0.1 LT,5,7:00,
2026-10-07 23:34:23,True,12,599,177.3,Los Santos Miestelis,LSM 2.0.1 LT,12,7:00,DROP 44->12 - likely restart (RR)
2026-10-08 02:55:43,True,6,599,171.7,Los Santos Miestelis,LSM 2.0.1 LT,11,7:00,DROP 12->6 - likely restart (RR)
2026-10-08 09:50:30,True,15,599,177.5,Los Santos Miestelis,LSM 2.0.1 LT,11,7:00,
2026-10-08 17:06:28,True,48,599,103.9,Los Santos Miestelis,LSM 2.0.1 LT,10,7:00,
2026-10-08 22:03:07,True,14,599,182.9,Los Santos Miestelis,LSM 2.0.1 LT,1,7:00,DROP 48->14 - likely restart (RR)
